item,value,column,reference_mean,regenerated_mean,reference_sd,regenerated_sd,reference_corr_with_hair_fall,regenerated_corr_with_hair_fall
super_dataset_rows,200000.0,,,,,,,
dataset2_typos_fixed,2.0,,,,,,,
dataset2_age_over_60_removed,1.0,,,,,,,
duplicate_rows_removed,0.0,,,,,,,
rows_after_cleaning,200000.0,,,,,,,
rows_where_D1_and_D2_agree,110558.0,,,,,,,
final_rows,21606.0,,,,,,,
final_Low,9723.0,,,,,,,
final_Moderate,7562.0,,,,,,,
final_High,4321.0,,,,,,,
,,age,32.83,32.83,9.669,9.669,0.116,0.116
,,total_protein,7.203,7.203,0.602,0.602,-0.304,-0.304
,,calcium,9.298,9.298,0.6,0.6,-0.226,-0.226
,,iron,98.47,98.469,30.94,30.935,-0.314,-0.314
,,vitamin_d,28.112,28.111,11.752,11.748,-0.262,-0.262
,,alt_liver,25.661,25.661,13.779,13.778,0.254,0.254
,,manganese,8.017,8.017,2.978,2.977,-0.184,-0.184
,,body_water_content,54.983,54.983,7.886,7.886,-0.135,-0.135
,,stress_level,18.033,18.033,7.905,7.905,0.329,0.329
,,total_keratine,49.876,49.876,19.8,19.8,-0.006,-0.006
,,hair_texture,50.165,50.165,19.672,19.672,0.003,0.003
,,family_hair_fall_history,0.345,0.344,0.475,0.475,0.114,0.112
,,chronic_illness,0.299,0.299,0.458,0.458,0.105,0.105
,,late_night_sleep,0.402,0.399,0.49,0.49,0.077,0.075
,,sleep_disturbance,0.352,0.351,0.478,0.477,0.078,0.075
,,water_reason,0.298,0.295,0.457,0.456,0.062,0.058
,,chemical_use,0.399,0.4,0.49,0.49,0.118,0.121
,,anemia,0.246,0.246,0.431,0.431,0.113,0.11
,,stress,0.403,0.403,0.491,0.491,0.125,0.126
