feature,d1_min,d1_max,d1_mean,final_min,final_max,final_mean,d1_KS_vs_uniform,d1_spearman_with_hair_fall,final_spearman_with_hair_fall
total_protein,0,499,249.57,4.8,9.5,7.2,0.004,0.0013,-0.3037
calcium,0,499,250.54,7.0,11.5,9.3,0.0058,-0.0003,-0.2262
iron,0,499,249.1,10.0,217.0,98.47,0.0038,-0.0015,-0.3135
vitamin_d,0,499,249.95,4.0,78.4,28.11,0.0034,-0.0028,-0.2621
alt_liver,0,499,249.77,5.0,81.0,25.66,0.0044,-0.003,0.2537
manganese,0,499,249.56,1.0,20.0,8.02,0.0031,-0.0019,-0.1836
body_water_content,0,99,49.48,35.0,75.0,54.98,0.0108,-0.0058,-0.1353
stress_level,0,99,49.37,0.0,40.0,18.03,0.011,0.004,0.3289
total_keratine,0,499,248.88,0.0,100.0,49.88,0.0041,-0.0034,-0.0057
hair_texture,0,99,49.56,0.0,100.0,50.16,0.0109,0.0005,0.0027
