model,size,rows_explained,seconds,top_5,explainer,nsamples,background
CatBoost,500,1000,0.3,"stress_level, iron, calcium, total_protein, vitamin_d",TreeExplainer,,
CatBoost,2000,1000,0.3,"stress_level, iron, total_protein, alt_liver, vitamin_d",TreeExplainer,,
CatBoost,Full,1000,0.3,"iron, stress_level, total_protein, alt_liver, vitamin_d",TreeExplainer,,
TabPFN,500,30,65.8,"iron, stress_level, calcium, total_protein, vitamin_d",KernelExplainer,100.0,10.0
TabPFN,2000,30,193.0,"iron, stress_level, total_protein, alt_liver, calcium",KernelExplainer,100.0,10.0
TabPFN,Full,30,3251.3,"iron, stress_level, alt_liver, total_protein, calcium",KernelExplainer,100.0,10.0
TabFM,500,20,158.0,"iron, stress_level, calcium, total_protein, alt_liver",KernelExplainer,100.0,5.0
TabFM,2000,20,581.8,"iron, stress_level, alt_liver, total_protein, stress",KernelExplainer,100.0,5.0
TabFM,Full,20,8491.4,"iron, stress_level, alt_liver, total_protein, vitamin_d",KernelExplainer,100.0,5.0
